{"gmail2": 1755355058.7878294, "gmail": 1755361127.5460443, "gmail3": 1755361790.9681354}